Stage,Concept_A,Concept_B,Normalized_Strength,Previous_Strength,Change,Status
Opening,بقا,راه,0.0,0.0,0.0,Stable
Birds_Journey,بقا,راه,0.0,0.0,0.0,Stable
Seven_Valleys,بقا,راه,0.0,0.0,0.0,Stable
Simurgh_Encounter,بقا,راه,0.019143,0.0,0.019143,Emerging
Final_State,بقا,راه,0.0,0.019143,-0.019143,Weakening
Opening,بقا,فنا,0.0,0.0,0.0,Stable
Birds_Journey,بقا,فنا,0.0,0.0,0.0,Stable
Seven_Valleys,بقا,فنا,0.0,0.0,0.0,Stable
Simurgh_Encounter,بقا,فنا,0.028259,0.0,0.028259,Emerging
Final_State,بقا,فنا,0.0,0.028259,-0.028259,Weakening
Opening,تن,جان,0.03547,0.0,0.03547,Emerging
Birds_Journey,تن,جان,0.017808,0.03547,-0.017662,Weakening
Seven_Valleys,تن,جان,0.027114,0.017808,0.009306,Strengthening
Simurgh_Encounter,تن,جان,0.041021,0.027114,0.013907,Strengthening
Final_State,تن,جان,0.0,0.041021,-0.041021,Weakening
Opening,تن,خاک,0.013301,0.0,0.013301,Emerging
Birds_Journey,تن,خاک,0.003611,0.013301,-0.00969,Weakening
Seven_Valleys,تن,خاک,0.012912,0.003611,0.009301,Strengthening
Simurgh_Encounter,تن,خاک,0.0,0.012912,-0.012912,Weakening
Final_State,تن,خاک,0.0,0.0,0.0,Stable
Opening,تن,خویش,0.0,0.0,0.0,Stable
Birds_Journey,تن,خویش,0.009215,0.0,0.009215,Emerging
Seven_Valleys,تن,خویش,0.0,0.009215,-0.009215,Weakening
Simurgh_Encounter,تن,خویش,0.0,0.0,0.0,Stable
Final_State,تن,خویش,0.0,0.0,0.0,Stable
Opening,تن,درد,0.0,0.0,0.0,Stable
Birds_Journey,تن,درد,0.002366,0.0,0.002366,Emerging
Seven_Valleys,تن,درد,0.0,0.002366,-0.002366,Weakening
Simurgh_Encounter,تن,درد,0.0,0.0,0.0,Stable
Final_State,تن,درد,0.0,0.0,0.0,Stable
Opening,تن,دل,0.0,0.0,0.0,Stable
Birds_Journey,تن,دل,0.010585,0.0,0.010585,Emerging
Seven_Valleys,تن,دل,0.006779,0.010585,-0.003806,Weakening
Simurgh_Encounter,تن,دل,0.015497,0.006779,0.008718,Strengthening
Final_State,تن,دل,0.033486,0.015497,0.017989,Strengthening
Opening,تن,راه,0.010883,0.0,0.010883,Emerging
Birds_Journey,تن,راه,0.019676,0.010883,0.008793,Strengthening
Seven_Valleys,تن,راه,0.022595,0.019676,0.002919,Strengthening
Simurgh_Encounter,تن,راه,0.025524,0.022595,0.002929,Strengthening
Final_State,تن,راه,0.0,0.025524,-0.025524,Weakening
Opening,تن,عشق,0.0,0.0,0.0,Stable
Birds_Journey,تن,عشق,0.007098,0.0,0.007098,Emerging
Seven_Valleys,تن,عشق,0.0,0.007098,-0.007098,Weakening
Simurgh_Encounter,تن,عشق,0.0,0.0,0.0,Stable
Final_State,تن,عشق,0.0,0.0,0.0,Stable
Opening,تن,عقل,0.013301,0.0,0.013301,Emerging
Birds_Journey,تن,عقل,0.0,0.013301,-0.013301,Weakening
Seven_Valleys,تن,عقل,0.0,0.0,0.0,Stable
Simurgh_Encounter,تن,عقل,0.0,0.0,0.0,Stable
Final_State,تن,عقل,0.0,0.0,0.0,Stable
Opening,تن,مرغ,0.0,0.0,0.0,Stable
Birds_Journey,تن,مرغ,0.0,0.0,0.0,Stable
Seven_Valleys,تن,مرغ,0.0,0.0,0.0,Stable
Simurgh_Encounter,تن,مرغ,0.022789,0.0,0.022789,Emerging
Final_State,تن,مرغ,0.0,0.022789,-0.022789,Weakening
Opening,تن,نفس,0.0,0.0,0.0,Stable
Birds_Journey,تن,نفس,0.005355,0.0,0.005355,Emerging
Seven_Valleys,تن,نفس,0.007747,0.005355,0.002392,Strengthening
Simurgh_Encounter,تن,نفس,0.0,0.007747,-0.007747,Weakening
Final_State,تن,نفس,0.0,0.0,0.0,Stable
Opening,تن,پاک,0.0,0.0,0.0,Stable
Birds_Journey,تن,پاک,0.001868,0.0,0.001868,Emerging
Seven_Valleys,تن,پاک,0.010329,0.001868,0.008461,Strengthening
Simurgh_Encounter,تن,پاک,0.0,0.010329,-0.010329,Weakening
Final_State,تن,پاک,0.0,0.0,0.0,Stable
Opening,جان,جسم,0.015316,0.0,0.015316,Emerging
Birds_Journey,جان,جسم,0.0,0.015316,-0.015316,Weakening
Seven_Valleys,جان,جسم,0.0,0.0,0.0,Stable
Simurgh_Encounter,جان,جسم,0.0,0.0,0.0,Stable
Final_State,جان,جسم,0.028919,0.0,0.028919,Emerging
Opening,جان,خاک,0.059653,0.0,0.059653,Emerging
Birds_Journey,جان,خاک,0.018804,0.059653,-0.040849,Weakening
Seven_Valleys,جان,خاک,0.028405,0.018804,0.009601,Strengthening
Simurgh_Encounter,جان,خاک,0.045579,0.028405,0.017174,Strengthening
Final_State,جان,خاک,0.0,0.045579,-0.045579,Weakening
Opening,جان,خویش,0.045949,0.0,0.045949,Emerging
Birds_Journey,جان,خویش,0.035741,0.045949,-0.010208,Weakening
Seven_Valleys,جان,خویش,0.041317,0.035741,0.005576,Strengthening
Simurgh_Encounter,جان,خویش,0.030082,0.041317,-0.011235,Weakening
Final_State,جان,خویش,0.0,0.030082,-0.030082,Weakening
Opening,جان,درد,0.024587,0.0,0.024587,Emerging
Birds_Journey,جان,درد,0.009963,0.024587,-0.014624,Weakening
Seven_Valleys,جان,درد,0.010006,0.009963,4.3e-05,Strengthening
Simurgh_Encounter,جان,درد,0.030082,0.010006,0.020076,Strengthening
Final_State,جان,درد,0.109589,0.030082,0.079507,Strengthening
Opening,جان,دل,0.065699,0.0,0.065699,Emerging
Birds_Journey,جان,دل,0.049315,0.065699,-0.016384,Weakening
Seven_Valleys,جان,دل,0.048741,0.049315,-0.000574,Weakening
Simurgh_Encounter,جان,دل,0.040109,0.048741,-0.008632,Weakening
Final_State,جان,دل,0.066971,0.040109,0.026862,Strengthening
Opening,جان,راه,0.099154,0.0,0.099154,Emerging
Birds_Journey,جان,راه,0.081196,0.099154,-0.017958,Weakening
Seven_Valleys,جان,راه,0.071659,0.081196,-0.009537,Weakening
Simurgh_Encounter,جان,راه,0.055606,0.071659,-0.016053,Weakening
Final_State,جان,راه,0.09589,0.055606,0.040284,Strengthening
Opening,جان,سیمرغ,0.0,0.0,0.0,Stable
Birds_Journey,جان,سیمرغ,0.0132,0.0,0.0132,Emerging
Seven_Valleys,جان,سیمرغ,0.0,0.0132,-0.0132,Weakening
Simurgh_Encounter,جان,سیمرغ,0.020055,0.0,0.020055,Emerging
Final_State,جان,سیمرغ,0.0,0.020055,-0.020055,Weakening
Opening,جان,طلب,0.008464,0.0,0.008464,Emerging
Birds_Journey,جان,طلب,0.004732,0.008464,-0.003732,Weakening
Seven_Valleys,جان,طلب,0.017108,0.004732,0.012376,Strengthening
Simurgh_Encounter,جان,طلب,0.0,0.017108,-0.017108,Weakening
Final_State,جان,طلب,0.0,0.0,0.0,Stable
Opening,جان,عشق,0.015316,0.0,0.015316,Emerging
Birds_Journey,جان,عشق,0.039477,0.015316,0.024161,Strengthening
Seven_Valleys,جان,عشق,0.049709,0.039477,0.010232,Strengthening
Simurgh_Encounter,جان,عشق,0.015497,0.049709,-0.034212,Weakening
Final_State,جان,عشق,0.0,0.015497,-0.015497,Weakening
Opening,جان,عقل,0.058041,0.0,0.058041,Emerging
Birds_Journey,جان,عقل,0.006227,0.058041,-0.051814,Weakening
Seven_Valleys,جان,عقل,0.019045,0.006227,0.012818,Strengthening
Simurgh_Encounter,جان,عقل,0.0,0.019045,-0.019045,Weakening
Final_State,جان,عقل,0.0,0.0,0.0,Stable
Opening,جان,محو,0.0,0.0,0.0,Stable
Birds_Journey,جان,محو,0.004981,0.0,0.004981,Emerging
Seven_Valleys,جان,محو,0.0,0.004981,-0.004981,Weakening
Simurgh_Encounter,جان,محو,0.01732,0.0,0.01732,Emerging
Final_State,جان,محو,0.0,0.01732,-0.01732,Weakening
Opening,جان,مرغ,0.0,0.0,0.0,Stable
Birds_Journey,جان,مرغ,0.007597,0.0,0.007597,Emerging
Seven_Valleys,جان,مرغ,0.0,0.007597,-0.007597,Weakening
Simurgh_Encounter,جان,مرغ,0.027347,0.0,0.027347,Emerging
Final_State,جان,مرغ,0.0,0.027347,-0.027347,Weakening
Opening,جان,نفس,0.026199,0.0,0.026199,Emerging
Birds_Journey,جان,نفس,0.021544,0.026199,-0.004655,Weakening
Seven_Valleys,جان,نفس,0.00807,0.021544,-0.013474,Weakening
Simurgh_Encounter,جان,نفس,0.022789,0.00807,0.014719,Strengthening
Final_State,جان,نفس,0.0,0.022789,-0.022789,Weakening
Opening,جان,پاک,0.046352,0.0,0.046352,Emerging
Birds_Journey,جان,پاک,0.017186,0.046352,-0.029166,Weakening
Seven_Valleys,جان,پاک,0.015171,0.017186,-0.002015,Weakening
Simurgh_Encounter,جان,پاک,0.03464,0.015171,0.019469,Strengthening
Final_State,جان,پاک,0.0,0.03464,-0.03464,Weakening
Opening,جسم,درد,0.0,0.0,0.0,Stable
Birds_Journey,جسم,درد,0.0,0.0,0.0,Stable
Seven_Valleys,جسم,درد,0.0,0.0,0.0,Stable
Simurgh_Encounter,جسم,درد,0.0,0.0,0.0,Stable
Final_State,جسم,درد,0.030441,0.0,0.030441,Emerging
Opening,خاک,خویش,0.021362,0.0,0.021362,Emerging
Birds_Journey,خاک,خویش,0.012827,0.021362,-0.008535,Weakening
Seven_Valleys,خاک,خویش,0.01388,0.012827,0.001053,Strengthening
Simurgh_Encounter,خاک,خویش,0.024613,0.01388,0.010733,Strengthening
Final_State,خاک,خویش,0.0,0.024613,-0.024613,Weakening
Opening,خاک,درد,0.0,0.0,0.0,Stable
Birds_Journey,خاک,درد,0.003362,0.0,0.003362,Emerging
Seven_Valleys,خاک,درد,0.008715,0.003362,0.005353,Strengthening
Simurgh_Encounter,خاک,درد,0.027347,0.008715,0.018632,Strengthening
Final_State,خاک,درد,0.030441,0.027347,0.003094,Strengthening
Opening,خاک,دل,0.024184,0.0,0.024184,Emerging
Birds_Journey,خاک,دل,0.014197,0.024184,-0.009987,Weakening
Seven_Valleys,خاک,دل,0.010006,0.014197,-0.004191,Weakening
Simurgh_Encounter,خاک,دل,0.019143,0.010006,0.009137,Strengthening
Final_State,خاک,دل,0.027397,0.019143,0.008254,Strengthening
Opening,خاک,راه,0.032648,0.0,0.032648,Emerging
Birds_Journey,خاک,راه,0.024533,0.032648,-0.008115,Weakening
Seven_Valleys,خاک,راه,0.044222,0.024533,0.019689,Strengthening
Simurgh_Encounter,خاک,راه,0.021878,0.044222,-0.022344,Weakening
Final_State,خاک,راه,0.071537,0.021878,0.049659,Strengthening
Opening,خاک,طلب,0.0,0.0,0.0,Stable
Birds_Journey,خاک,طلب,0.0,0.0,0.0,Stable
Seven_Valleys,خاک,طلب,0.00581,0.0,0.00581,Emerging
Simurgh_Encounter,خاک,طلب,0.0,0.00581,-0.00581,Weakening
Final_State,خاک,طلب,0.0,0.0,0.0,Stable
Opening,خاک,عشق,0.0,0.0,0.0,Stable
Birds_Journey,خاک,عشق,0.008219,0.0,0.008219,Emerging
Seven_Valleys,خاک,عشق,0.006133,0.008219,-0.002086,Weakening
Simurgh_Encounter,خاک,عشق,0.0,0.006133,-0.006133,Weakening
Final_State,خاک,عشق,0.0,0.0,0.0,Stable
Opening,خاک,عقل,0.00927,0.0,0.00927,Emerging
Birds_Journey,خاک,عقل,0.002117,0.00927,-0.007153,Weakening
Seven_Valleys,خاک,عقل,0.0,0.002117,-0.002117,Weakening
Simurgh_Encounter,خاک,عقل,0.0,0.0,0.0,Stable
Final_State,خاک,عقل,0.0,0.0,0.0,Stable
Opening,خاک,محو,0.008867,0.0,0.008867,Emerging
Birds_Journey,خاک,محو,0.0,0.008867,-0.008867,Weakening
Seven_Valleys,خاک,محو,0.00581,0.0,0.00581,Emerging
Simurgh_Encounter,خاک,محو,0.0,0.00581,-0.00581,Weakening
Final_State,خاک,محو,0.0,0.0,0.0,Stable
Opening,خاک,نفس,0.0,0.0,0.0,Stable
Birds_Journey,خاک,نفس,0.005853,0.0,0.005853,Emerging
Seven_Valleys,خاک,نفس,0.0,0.005853,-0.005853,Weakening
Simurgh_Encounter,خاک,نفس,0.0,0.0,0.0,Stable
Final_State,خاک,نفس,0.0,0.0,0.0,Stable
Opening,خاک,پاک,0.035873,0.0,0.035873,Emerging
Birds_Journey,خاک,پاک,0.008095,0.035873,-0.027778,Weakening
Seven_Valleys,خاک,پاک,0.012912,0.008095,0.004817,Strengthening
Simurgh_Encounter,خاک,پاک,0.0,0.012912,-0.012912,Weakening
Final_State,خاک,پاک,0.083714,0.0,0.083714,Emerging
Opening,خویش,درد,0.0,0.0,0.0,Stable
Birds_Journey,خویش,درد,0.004483,0.0,0.004483,Emerging
Seven_Valleys,خویش,درد,0.00581,0.004483,0.001327,Strengthening
Simurgh_Encounter,خویش,درد,0.02917,0.00581,0.02336,Strengthening
Final_State,خویش,درد,0.0,0.02917,-0.02917,Weakening
Opening,خویش,دل,0.018138,0.0,0.018138,Emerging
Birds_Journey,خویش,دل,0.028269,0.018138,0.010131,Strengthening
Seven_Valleys,خویش,دل,0.023564,0.028269,-0.004705,Weakening
Simurgh_Encounter,خویش,دل,0.019143,0.023564,-0.004421,Weakening
Final_State,خویش,دل,0.024353,0.019143,0.00521,Strengthening
Opening,خویش,راه,0.045143,0.0,0.045143,Emerging
Birds_Journey,خویش,راه,0.053051,0.045143,0.007908,Strengthening
Seven_Valleys,خویش,راه,0.027437,0.053051,-0.025614,Weakening
Simurgh_Encounter,خویش,راه,0.031905,0.027437,0.004468,Strengthening
Final_State,خویش,راه,0.0,0.031905,-0.031905,Weakening
Opening,خویش,سیمرغ,0.0,0.0,0.0,Stable
Birds_Journey,خویش,سیمرغ,0.005479,0.0,0.005479,Emerging
Seven_Valleys,خویش,سیمرغ,0.0,0.005479,-0.005479,Weakening
Simurgh_Encounter,خویش,سیمرغ,0.032817,0.0,0.032817,Emerging
Final_State,خویش,سیمرغ,0.0,0.032817,-0.032817,Weakening
Opening,خویش,طلب,0.0,0.0,0.0,Stable
Birds_Journey,خویش,طلب,0.0,0.0,0.0,Stable
Seven_Valleys,خویش,طلب,0.007747,0.0,0.007747,Emerging
Simurgh_Encounter,خویش,طلب,0.0,0.007747,-0.007747,Weakening
Final_State,خویش,طلب,0.0,0.0,0.0,Stable
Opening,خویش,عشق,0.0,0.0,0.0,Stable
Birds_Journey,خویش,عشق,0.027771,0.0,0.027771,Emerging
Seven_Valleys,خویش,عشق,0.009038,0.027771,-0.018733,Weakening
Simurgh_Encounter,خویش,عشق,0.015497,0.009038,0.006459,Strengthening
Final_State,خویش,عشق,0.0,0.015497,-0.015497,Weakening
Opening,خویش,عقل,0.00927,0.0,0.00927,Emerging
Birds_Journey,خویش,عقل,0.003985,0.00927,-0.005285,Weakening
Seven_Valleys,خویش,عقل,0.008393,0.003985,0.004408,Strengthening
Simurgh_Encounter,خویش,عقل,0.0,0.008393,-0.008393,Weakening
Final_State,خویش,عقل,0.0,0.0,0.0,Stable
Opening,خویش,فنا,0.0,0.0,0.0,Stable
Birds_Journey,خویش,فنا,0.0,0.0,0.0,Stable
Seven_Valleys,خویش,فنا,0.006779,0.0,0.006779,Emerging
Simurgh_Encounter,خویش,فنا,0.0,0.006779,-0.006779,Weakening
Final_State,خویش,فنا,0.0,0.0,0.0,Stable
Opening,خویش,محو,0.0,0.0,0.0,Stable
Birds_Journey,خویش,محو,0.004857,0.0,0.004857,Emerging
Seven_Valleys,خویش,محو,0.005487,0.004857,0.00063,Strengthening
Simurgh_Encounter,خویش,محو,0.028259,0.005487,0.022772,Strengthening
Final_State,خویش,محو,0.0,0.028259,-0.028259,Weakening
Opening,خویش,مرغ,0.0,0.0,0.0,Stable
Birds_Journey,خویش,مرغ,0.004483,0.0,0.004483,Emerging
Seven_Valleys,خویش,مرغ,0.0,0.004483,-0.004483,Weakening
Simurgh_Encounter,خویش,مرغ,0.02917,0.0,0.02917,Emerging
Final_State,خویش,مرغ,0.0,0.02917,-0.02917,Weakening
Opening,خویش,نفس,0.013704,0.0,0.013704,Emerging
Birds_Journey,خویش,نفس,0.0132,0.013704,-0.000504,Weakening
Seven_Valleys,خویش,نفس,0.007747,0.0132,-0.005453,Weakening
Simurgh_Encounter,خویش,نفس,0.018232,0.007747,0.010485,Strengthening
Final_State,خویش,نفس,0.0,0.018232,-0.018232,Weakening
Opening,خویش,پاک,0.012092,0.0,0.012092,Emerging
Birds_Journey,خویش,پاک,0.004732,0.012092,-0.00736,Weakening
Seven_Valleys,خویش,پاک,0.0,0.004732,-0.004732,Weakening
Simurgh_Encounter,خویش,پاک,0.0,0.0,0.0,Stable
Final_State,خویش,پاک,0.0,0.0,0.0,Stable
Opening,درد,دل,0.01451,0.0,0.01451,Emerging
Birds_Journey,درد,دل,0.014321,0.01451,-0.000189,Weakening
Seven_Valleys,درد,دل,0.023564,0.014321,0.009243,Strengthening
Simurgh_Encounter,درد,دل,0.013674,0.023564,-0.00989,Weakening
Final_State,درد,دل,0.076104,0.013674,0.06243,Strengthening
Opening,درد,راه,0.014107,0.0,0.014107,Emerging
Birds_Journey,درد,راه,0.012453,0.014107,-0.001654,Weakening
Seven_Valleys,درد,راه,0.026146,0.012453,0.013693,Strengthening
Simurgh_Encounter,درد,راه,0.013674,0.026146,-0.012472,Weakening
Final_State,درد,راه,0.09589,0.013674,0.082216,Strengthening
Opening,درد,طلب,0.0,0.0,0.0,Stable
Birds_Journey,درد,طلب,0.001993,0.0,0.001993,Emerging
Seven_Valleys,درد,طلب,0.0,0.001993,-0.001993,Weakening
Simurgh_Encounter,درد,طلب,0.0,0.0,0.0,Stable
Final_State,درد,طلب,0.0,0.0,0.0,Stable
Opening,درد,عشق,0.0,0.0,0.0,Stable
Birds_Journey,درد,عشق,0.016563,0.0,0.016563,Emerging
Seven_Valleys,درد,عشق,0.022918,0.016563,0.006355,Strengthening
Simurgh_Encounter,درد,عشق,0.013674,0.022918,-0.009244,Weakening
Final_State,درد,عشق,0.0,0.013674,-0.013674,Weakening
Opening,درد,نفس,0.0,0.0,0.0,Stable
Birds_Journey,درد,نفس,0.003736,0.0,0.003736,Emerging
Seven_Valleys,درد,نفس,0.011298,0.003736,0.007562,Strengthening
Simurgh_Encounter,درد,نفس,0.020966,0.011298,0.009668,Strengthening
Final_State,درد,نفس,0.0,0.020966,-0.020966,Weakening
Opening,درد,پاک,0.0,0.0,0.0,Stable
Birds_Journey,درد,پاک,0.00411,0.0,0.00411,Emerging
Seven_Valleys,درد,پاک,0.0,0.00411,-0.00411,Weakening
Simurgh_Encounter,درد,پاک,0.0,0.0,0.0,Stable
Final_State,درد,پاک,0.022831,0.0,0.022831,Emerging
Opening,دل,راه,0.047965,0.0,0.047965,Emerging
Birds_Journey,دل,راه,0.053425,0.047965,0.00546,Strengthening
Seven_Valleys,دل,راه,0.037444,0.053425,-0.015981,Weakening
Simurgh_Encounter,دل,راه,0.022789,0.037444,-0.014655,Weakening
Final_State,دل,راه,0.091324,0.022789,0.068535,Strengthening
Opening,دل,سیمرغ,0.0,0.0,0.0,Stable
Birds_Journey,دل,سیمرغ,0.011208,0.0,0.011208,Emerging
Seven_Valleys,دل,سیمرغ,0.0,0.011208,-0.011208,Weakening
Simurgh_Encounter,دل,سیمرغ,0.0,0.0,0.0,Stable
Final_State,دل,سیمرغ,0.0,0.0,0.0,Stable
Opening,دل,طلب,0.007658,0.0,0.007658,Emerging
Birds_Journey,دل,طلب,0.002989,0.007658,-0.004669,Weakening
Seven_Valleys,دل,طلب,0.005165,0.002989,0.002176,Strengthening
Simurgh_Encounter,دل,طلب,0.0,0.005165,-0.005165,Weakening
Final_State,دل,طلب,0.0,0.0,0.0,Stable
Opening,دل,عشق,0.0,0.0,0.0,Stable
Birds_Journey,دل,عشق,0.042715,0.0,0.042715,Emerging
Seven_Valleys,دل,عشق,0.045513,0.042715,0.002798,Strengthening
Simurgh_Encounter,دل,عشق,0.0,0.045513,-0.045513,Weakening
Final_State,دل,عشق,0.0,0.0,0.0,Stable
Opening,دل,عقل,0.011689,0.0,0.011689,Emerging
Birds_Journey,دل,عقل,0.00274,0.011689,-0.008949,Weakening
Seven_Valleys,دل,عقل,0.013234,0.00274,0.010494,Strengthening
Simurgh_Encounter,دل,عقل,0.0,0.013234,-0.013234,Weakening
Final_State,دل,عقل,0.0,0.0,0.0,Stable
Opening,دل,فنا,0.0,0.0,0.0,Stable
Birds_Journey,دل,فنا,0.0,0.0,0.0,Stable
Seven_Valleys,دل,فنا,0.00581,0.0,0.00581,Emerging
Simurgh_Encounter,دل,فنا,0.0,0.00581,-0.00581,Weakening
Final_State,دل,فنا,0.0,0.0,0.0,Stable
Opening,دل,محو,0.0,0.0,0.0,Stable
Birds_Journey,دل,محو,0.002242,0.0,0.002242,Emerging
Seven_Valleys,دل,محو,0.0,0.002242,-0.002242,Weakening
Simurgh_Encounter,دل,محو,0.0,0.0,0.0,Stable
Final_State,دل,محو,0.0,0.0,0.0,Stable
Opening,دل,مرغ,0.0,0.0,0.0,Stable
Birds_Journey,دل,مرغ,0.004359,0.0,0.004359,Emerging
Seven_Valleys,دل,مرغ,0.0,0.004359,-0.004359,Weakening
Simurgh_Encounter,دل,مرغ,0.0,0.0,0.0,Stable
Final_State,دل,مرغ,0.0,0.0,0.0,Stable
Opening,دل,نفس,0.016929,0.0,0.016929,Emerging
Birds_Journey,دل,نفس,0.022914,0.016929,0.005985,Strengthening
Seven_Valleys,دل,نفس,0.007747,0.022914,-0.015167,Weakening
Simurgh_Encounter,دل,نفس,0.0,0.007747,-0.007747,Weakening
Final_State,دل,نفس,0.022831,0.0,0.022831,Emerging
Opening,دل,پاک,0.013704,0.0,0.013704,Emerging
Birds_Journey,دل,پاک,0.008219,0.013704,-0.005485,Weakening
Seven_Valleys,دل,پاک,0.009684,0.008219,0.001465,Strengthening
Simurgh_Encounter,دل,پاک,0.0,0.009684,-0.009684,Weakening
Final_State,دل,پاک,0.028919,0.0,0.028919,Emerging
Opening,راه,سیمرغ,0.0,0.0,0.0,Stable
Birds_Journey,راه,سیمرغ,0.01208,0.0,0.01208,Emerging
Seven_Valleys,راه,سیمرغ,0.0,0.01208,-0.01208,Weakening
Simurgh_Encounter,راه,سیمرغ,0.0,0.0,0.0,Stable
Final_State,راه,سیمرغ,0.0,0.0,0.0,Stable
Opening,راه,طلب,0.008061,0.0,0.008061,Emerging
Birds_Journey,راه,طلب,0.004608,0.008061,-0.003453,Weakening
Seven_Valleys,راه,طلب,0.027114,0.004608,0.022506,Strengthening
Simurgh_Encounter,راه,طلب,0.0,0.027114,-0.027114,Weakening
Final_State,راه,طلب,0.0,0.0,0.0,Stable
Opening,راه,عشق,0.0,0.0,0.0,Stable
Birds_Journey,راه,عشق,0.03873,0.0,0.03873,Emerging
Seven_Valleys,راه,عشق,0.027114,0.03873,-0.011616,Weakening
Simurgh_Encounter,راه,عشق,0.0,0.027114,-0.027114,Weakening
Final_State,راه,عشق,0.0,0.0,0.0,Stable
Opening,راه,عقل,0.028214,0.0,0.028214,Emerging
Birds_Journey,راه,عقل,0.005604,0.028214,-0.02261,Weakening
Seven_Valleys,راه,عقل,0.012912,0.005604,0.007308,Strengthening
Simurgh_Encounter,راه,عقل,0.0,0.012912,-0.012912,Weakening
Final_State,راه,عقل,0.0,0.0,0.0,Stable
Opening,راه,فنا,0.0,0.0,0.0,Stable
Birds_Journey,راه,فنا,0.0,0.0,0.0,Stable
Seven_Valleys,راه,فنا,0.0,0.0,0.0,Stable
Simurgh_Encounter,راه,فنا,0.013674,0.0,0.013674,Emerging
Final_State,راه,فنا,0.0,0.013674,-0.013674,Weakening
Opening,راه,محو,0.0,0.0,0.0,Stable
Birds_Journey,راه,محو,0.003113,0.0,0.003113,Emerging
Seven_Valleys,راه,محو,0.00807,0.003113,0.004957,Strengthening
Simurgh_Encounter,راه,محو,0.03464,0.00807,0.02657,Strengthening
Final_State,راه,محو,0.0,0.03464,-0.03464,Weakening
Opening,راه,مرغ,0.0,0.0,0.0,Stable
Birds_Journey,راه,مرغ,0.005853,0.0,0.005853,Emerging
Seven_Valleys,راه,مرغ,0.0,0.005853,-0.005853,Weakening
Simurgh_Encounter,راه,مرغ,0.020966,0.0,0.020966,Emerging
Final_State,راه,مرغ,0.0,0.020966,-0.020966,Weakening
Opening,راه,نفس,0.012898,0.0,0.012898,Emerging
Birds_Journey,راه,نفس,0.030511,0.012898,0.017613,Strengthening
Seven_Valleys,راه,نفس,0.014526,0.030511,-0.015985,Weakening
Simurgh_Encounter,راه,نفس,0.0,0.014526,-0.014526,Weakening
Final_State,راه,نفس,0.0,0.0,0.0,Stable
Opening,راه,پاک,0.015719,0.0,0.015719,Emerging
Birds_Journey,راه,پاک,0.023163,0.015719,0.007444,Strengthening
Seven_Valleys,راه,پاک,0.019045,0.023163,-0.004118,Weakening
Simurgh_Encounter,راه,پاک,0.0,0.019045,-0.019045,Weakening
Final_State,راه,پاک,0.059361,0.0,0.059361,Emerging
Opening,سیمرغ,عشق,0.0,0.0,0.0,Stable
Birds_Journey,سیمرغ,عشق,0.010834,0.0,0.010834,Emerging
Seven_Valleys,سیمرغ,عشق,0.0,0.010834,-0.010834,Weakening
Simurgh_Encounter,سیمرغ,عشق,0.0,0.0,0.0,Stable
Final_State,سیمرغ,عشق,0.0,0.0,0.0,Stable
Opening,سیمرغ,مرغ,0.0,0.0,0.0,Stable
Birds_Journey,سیمرغ,مرغ,0.004732,0.0,0.004732,Emerging
Seven_Valleys,سیمرغ,مرغ,0.0,0.004732,-0.004732,Weakening
Simurgh_Encounter,سیمرغ,مرغ,0.041933,0.0,0.041933,Emerging
Final_State,سیمرغ,مرغ,0.0,0.041933,-0.041933,Weakening
Opening,طلب,عشق,0.0,0.0,0.0,Stable
Birds_Journey,طلب,عشق,0.002242,0.0,0.002242,Emerging
Seven_Valleys,طلب,عشق,0.007101,0.002242,0.004859,Strengthening
Simurgh_Encounter,طلب,عشق,0.0,0.007101,-0.007101,Weakening
Final_State,طلب,عشق,0.0,0.0,0.0,Stable
Opening,طلب,نفس,0.007255,0.0,0.007255,Emerging
Birds_Journey,طلب,نفس,0.001993,0.007255,-0.005262,Weakening
Seven_Valleys,طلب,نفس,0.0,0.001993,-0.001993,Weakening
Simurgh_Encounter,طلب,نفس,0.0,0.0,0.0,Stable
Final_State,طلب,نفس,0.0,0.0,0.0,Stable
Opening,طلب,پاک,0.011286,0.0,0.011286,Emerging
Birds_Journey,طلب,پاک,0.0,0.011286,-0.011286,Weakening
Seven_Valleys,طلب,پاک,0.006779,0.0,0.006779,Emerging
Simurgh_Encounter,طلب,پاک,0.0,0.006779,-0.006779,Weakening
Final_State,طلب,پاک,0.0,0.0,0.0,Stable
Opening,عشق,عقل,0.0,0.0,0.0,Stable
Birds_Journey,عشق,عقل,0.006725,0.0,0.006725,Emerging
Seven_Valleys,عشق,عقل,0.02776,0.006725,0.021035,Strengthening
Simurgh_Encounter,عشق,عقل,0.0,0.02776,-0.02776,Weakening
Final_State,عشق,عقل,0.0,0.0,0.0,Stable
Opening,عشق,محو,0.0,0.0,0.0,Stable
Birds_Journey,عشق,محو,0.004234,0.0,0.004234,Emerging
Seven_Valleys,عشق,محو,0.004842,0.004234,0.000608,Strengthening
Simurgh_Encounter,عشق,محو,0.0,0.004842,-0.004842,Weakening
Final_State,عشق,محو,0.0,0.0,0.0,Stable
Opening,عشق,نفس,0.0,0.0,0.0,Stable
Birds_Journey,عشق,نفس,0.008468,0.0,0.008468,Emerging
Seven_Valleys,عشق,نفس,0.009684,0.008468,0.001216,Strengthening
Simurgh_Encounter,عشق,نفس,0.0,0.009684,-0.009684,Weakening
Final_State,عشق,نفس,0.0,0.0,0.0,Stable
Opening,عشق,پاک,0.0,0.0,0.0,Stable
Birds_Journey,عشق,پاک,0.005106,0.0,0.005106,Emerging
Seven_Valleys,عشق,پاک,0.0,0.005106,-0.005106,Weakening
Simurgh_Encounter,عشق,پاک,0.0,0.0,0.0,Stable
Final_State,عشق,پاک,0.0,0.0,0.0,Stable
Opening,عقل,محو,0.0,0.0,0.0,Stable
Birds_Journey,عقل,محو,0.0,0.0,0.0,Stable
Seven_Valleys,عقل,محو,0.009684,0.0,0.009684,Emerging
Simurgh_Encounter,عقل,محو,0.0,0.009684,-0.009684,Weakening
Final_State,عقل,محو,0.0,0.0,0.0,Stable
Opening,عقل,نفس,0.0,0.0,0.0,Stable
Birds_Journey,عقل,نفس,0.002615,0.0,0.002615,Emerging
Seven_Valleys,عقل,نفس,0.00581,0.002615,0.003195,Strengthening
Simurgh_Encounter,عقل,نفس,0.0,0.00581,-0.00581,Weakening
Final_State,عقل,نفس,0.0,0.0,0.0,Stable
Opening,عقل,پاک,0.009674,0.0,0.009674,Emerging
Birds_Journey,عقل,پاک,0.0,0.009674,-0.009674,Weakening
Seven_Valleys,عقل,پاک,0.004842,0.0,0.004842,Emerging
Simurgh_Encounter,عقل,پاک,0.0,0.004842,-0.004842,Weakening
Final_State,عقل,پاک,0.0,0.0,0.0,Stable
Opening,محو,مرغ,0.0,0.0,0.0,Stable
Birds_Journey,محو,مرغ,0.0,0.0,0.0,Stable
Seven_Valleys,محو,مرغ,0.0,0.0,0.0,Stable
Simurgh_Encounter,محو,مرغ,0.015497,0.0,0.015497,Emerging
Final_State,محو,مرغ,0.0,0.015497,-0.015497,Weakening
Opening,مرغ,نفس,0.0,0.0,0.0,Stable
Birds_Journey,مرغ,نفس,0.002366,0.0,0.002366,Emerging
Seven_Valleys,مرغ,نفس,0.0,0.002366,-0.002366,Weakening
Simurgh_Encounter,مرغ,نفس,0.0,0.0,0.0,Stable
Final_State,مرغ,نفس,0.0,0.0,0.0,Stable
Opening,مرغ,پاک,0.0,0.0,0.0,Stable
Birds_Journey,مرغ,پاک,0.001868,0.0,0.001868,Emerging
Seven_Valleys,مرغ,پاک,0.0,0.001868,-0.001868,Weakening
Simurgh_Encounter,مرغ,پاک,0.0,0.0,0.0,Stable
Final_State,مرغ,پاک,0.0,0.0,0.0,Stable
Opening,نفس,پاک,0.012092,0.0,0.012092,Emerging
Birds_Journey,نفس,پاک,0.00411,0.012092,-0.007982,Weakening
Seven_Valleys,نفس,پاک,0.0,0.00411,-0.00411,Weakening
Simurgh_Encounter,نفس,پاک,0.0,0.0,0.0,Stable
Final_State,نفس,پاک,0.0,0.0,0.0,Stable
