Stage,Concept,Frequency,Degree Centrality,Betweenness Centrality,Clustering Coefficient,Nodes,Edges,Network Density,Average Degree,Connected Components,Communities,Modularity
Birds' Journey,راه,236,1.0,0.4505,0.1576,15,75,0.7143,10.0,1,1,0.0
Birds' Journey,جان,166,1.0,0.4066,0.1479,15,75,0.7143,10.0,1,1,0.0
Birds' Journey,دل,132,1.0,0.0,0.1315,15,75,0.7143,10.0,1,1,0.0
Birds' Journey,خویش,104,0.9286,0.0,0.1279,15,75,0.7143,10.0,1,1,0.0
Birds' Journey,عشق,127,0.9286,0.0989,0.1294,15,75,0.7143,10.0,1,1,0.0
Birds' Journey,نفس,59,0.8571,0.0,0.1051,15,75,0.7143,10.0,1,1,0.0
Birds' Journey,خاک,48,0.7143,0.0,0.1294,15,75,0.7143,10.0,1,1,0.0
Birds' Journey,پاک,40,0.7143,0.0,0.106,15,75,0.7143,10.0,1,1,0.0
Birds' Journey,درد,34,0.7143,0.0,0.1027,15,75,0.7143,10.0,1,1,0.0
Birds' Journey,تن,35,0.6429,0.0,0.128,15,75,0.7143,10.0,1,1,0.0
Birds' Journey,عقل,15,0.5,0.0,0.0951,15,75,0.7143,10.0,1,1,0.0
Birds' Journey,مرغ,16,0.5,0.0,0.0838,15,75,0.7143,10.0,1,1,0.0
Birds' Journey,سیمرغ,35,0.4286,0.0,0.1585,15,75,0.7143,10.0,1,1,0.0
Birds' Journey,طلب,9,0.4286,0.0,0.0762,15,75,0.7143,10.0,1,1,0.0
Birds' Journey,محو,11,0.3571,0.0,0.1045,15,75,0.7143,10.0,1,1,0.0
Final State,دل,16,0.8889,0.5833,0.1567,10,18,0.4,3.6,1,2,0.0842
Final State,درد,18,0.6667,0.1944,0.3293,10,18,0.4,3.6,1,2,0.0842
Final State,راه,24,0.5556,0.3889,0.5132,10,18,0.4,3.6,1,2,0.0842
Final State,جان,16,0.4444,0.0,0.4748,10,18,0.4,3.6,1,2,0.0842
Final State,خاک,12,0.4444,0.0,0.4648,10,18,0.4,3.6,1,2,0.0842
Final State,پاک,9,0.4444,0.0,0.4434,10,18,0.4,3.6,1,2,0.0842
Final State,جسم,3,0.2222,0.0,0.4185,10,18,0.4,3.6,1,2,0.0842
Final State,نفس,4,0.1111,0.0,0.0,10,18,0.4,3.6,1,2,0.0842
Final State,تن,3,0.1111,0.0,0.0,10,18,0.4,3.6,1,2,0.0842
Final State,خویش,4,0.1111,0.0,0.0,10,18,0.4,3.6,1,2,0.0842
Opening,جان,98,0.9231,0.8846,0.1484,14,41,0.4505,5.8571,1,3,0.0255
Opening,راه,57,0.7692,0.0,0.1781,14,41,0.4505,5.8571,1,3,0.0255
Opening,دل,32,0.6923,0.0,0.1726,14,41,0.4505,5.8571,1,3,0.0255
Opening,پاک,24,0.6154,0.141,0.1709,14,41,0.4505,5.8571,1,3,0.0255
Opening,خاک,36,0.6154,0.1538,0.179,14,41,0.4505,5.8571,1,3,0.0255
Opening,خویش,27,0.5385,0.0,0.2253,14,41,0.4505,5.8571,1,3,0.0255
Opening,عقل,21,0.5385,0.0,0.1912,14,41,0.4505,5.8571,1,3,0.0255
Opening,نفس,14,0.4615,0.0,0.1693,14,41,0.4505,5.8571,1,3,0.0255
Opening,طلب,8,0.3846,0.0,0.1294,14,41,0.4505,5.8571,1,3,0.0255
Opening,تن,12,0.3077,0.0,0.2333,14,41,0.4505,5.8571,1,3,0.0255
Opening,درد,11,0.2308,0.0,0.2775,14,41,0.4505,5.8571,1,3,0.0255
Opening,محو,3,0.0769,0.0,0.0,14,41,0.4505,5.8571,1,3,0.0255
Opening,جسم,4,0.0769,0.0,0.0,14,41,0.4505,5.8571,1,3,0.0255
Opening,عشق,4,0.0769,0.0,0.0,14,41,0.4505,5.8571,1,3,0.0255
Seven Valleys,دل,49,0.9231,0.0128,0.1622,14,58,0.6374,8.2857,1,2,0.0593
Seven Valleys,راه,66,0.9231,0.5641,0.2071,14,58,0.6374,8.2857,1,2,0.0593
Seven Valleys,خویش,30,0.8462,0.1282,0.1372,14,58,0.6374,8.2857,1,2,0.0593
Seven Valleys,جان,85,0.8462,0.2436,0.2377,14,58,0.6374,8.2857,1,2,0.0593
Seven Valleys,خاک,31,0.7692,0.0,0.154,14,58,0.6374,8.2857,1,2,0.0593
Seven Valleys,عشق,52,0.7692,0.0256,0.193,14,58,0.6374,8.2857,1,2,0.0593
Seven Valleys,نفس,16,0.6154,0.0,0.1426,14,58,0.6374,8.2857,1,2,0.0593
Seven Valleys,عقل,22,0.6154,0.0128,0.1546,14,58,0.6374,8.2857,1,2,0.0593
Seven Valleys,طلب,19,0.5385,0.0,0.1751,14,58,0.6374,8.2857,1,2,0.0593
Seven Valleys,پاک,16,0.5385,0.0,0.1611,14,58,0.6374,8.2857,1,2,0.0593
Seven Valleys,درد,22,0.5385,0.0,0.224,14,58,0.6374,8.2857,1,2,0.0593
Seven Valleys,تن,19,0.4615,0.0,0.1999,14,58,0.6374,8.2857,1,2,0.0593
Seven Valleys,محو,9,0.3846,0.0,0.1139,14,58,0.6374,8.2857,1,2,0.0593
Seven Valleys,فنا,6,0.1538,0.0,0.1361,14,58,0.6374,8.2857,1,2,0.0593
Simurgh Encounter,جان,29,0.8571,0.5165,0.1904,15,39,0.3714,5.2,1,3,0.1524
Simurgh Encounter,راه,23,0.7143,0.3187,0.2073,15,39,0.3714,5.2,1,3,0.1524
Simurgh Encounter,خویش,19,0.7143,0.1429,0.2192,15,39,0.3714,5.2,1,3,0.1524
Simurgh Encounter,درد,9,0.5,0.0,0.2794,15,39,0.3714,5.2,1,3,0.1524
Simurgh Encounter,مرغ,11,0.4286,0.011,0.3211,15,39,0.3714,5.2,1,3,0.1524
Simurgh Encounter,دل,9,0.4286,0.0,0.3539,15,39,0.3714,5.2,1,3,0.1524
Simurgh Encounter,خاک,11,0.3571,0.0,0.4871,15,39,0.3714,5.2,1,3,0.1524
Simurgh Encounter,محو,9,0.2857,0.0,0.4598,15,39,0.3714,5.2,1,3,0.1524
Simurgh Encounter,تن,10,0.2857,0.0,0.4241,15,39,0.3714,5.2,1,3,0.1524
Simurgh Encounter,سیمرغ,11,0.2143,0.0,0.5379,15,39,0.3714,5.2,1,3,0.1524
Simurgh Encounter,عشق,5,0.2143,0.0,0.337,15,39,0.3714,5.2,1,3,0.1524
Simurgh Encounter,نفس,6,0.2143,0.0,0.4188,15,39,0.3714,5.2,1,3,0.1524
Simurgh Encounter,بقا,5,0.1429,0.0,0.3504,15,39,0.3714,5.2,1,3,0.1524
Simurgh Encounter,فنا,5,0.1429,0.0,0.3504,15,39,0.3714,5.2,1,3,0.1524
Simurgh Encounter,پاک,4,0.0714,0.0,0.0,15,39,0.3714,5.2,1,3,0.1524
