Stage,Concept_A,Concept_B,Raw_Weight,Total_Edge_Weight,Normalized_Strength
Opening,جان,پاک,115,2481,0.046352
Opening,جان,خاک,148,2481,0.059653
Opening,جان,تن,88,2481,0.03547
Opening,جان,خویش,114,2481,0.045949
Opening,جان,عقل,144,2481,0.058041
Opening,جان,راه,246,2481,0.099154
Opening,جان,دل,163,2481,0.065699
Opening,جان,نفس,65,2481,0.026199
Opening,جان,طلب,21,2481,0.008464
Opening,جان,درد,61,2481,0.024587
Opening,جان,جسم,38,2481,0.015316
Opening,جان,عشق,38,2481,0.015316
Opening,پاک,خاک,89,2481,0.035873
Opening,پاک,خویش,30,2481,0.012092
Opening,پاک,عقل,24,2481,0.009674
Opening,پاک,راه,39,2481,0.015719
Opening,پاک,دل,34,2481,0.013704
Opening,پاک,نفس,30,2481,0.012092
Opening,پاک,طلب,28,2481,0.011286
Opening,خاک,تن,33,2481,0.013301
Opening,خاک,خویش,53,2481,0.021362
Opening,خاک,عقل,23,2481,0.00927
Opening,خاک,راه,81,2481,0.032648
Opening,خاک,دل,60,2481,0.024184
Opening,خاک,محو,22,2481,0.008867
Opening,تن,عقل,33,2481,0.013301
Opening,تن,راه,27,2481,0.010883
Opening,خویش,عقل,23,2481,0.00927
Opening,خویش,دل,45,2481,0.018138
Opening,خویش,راه,112,2481,0.045143
Opening,خویش,نفس,34,2481,0.013704
Opening,عقل,راه,70,2481,0.028214
Opening,عقل,دل,29,2481,0.011689
Opening,راه,دل,119,2481,0.047965
Opening,راه,طلب,20,2481,0.008061
Opening,راه,درد,35,2481,0.014107
Opening,راه,نفس,32,2481,0.012898
Opening,دل,نفس,42,2481,0.016929
Opening,دل,طلب,19,2481,0.007658
Opening,دل,درد,36,2481,0.01451
Opening,نفس,طلب,18,2481,0.007255
Birds_Journey,راه,سیمرغ,97,8030,0.01208
Birds_Journey,راه,جان,652,8030,0.081196
Birds_Journey,راه,خویش,426,8030,0.053051
Birds_Journey,راه,عشق,311,8030,0.03873
Birds_Journey,راه,عقل,45,8030,0.005604
Birds_Journey,راه,خاک,197,8030,0.024533
Birds_Journey,راه,پاک,186,8030,0.023163
Birds_Journey,راه,نفس,245,8030,0.030511
Birds_Journey,راه,دل,429,8030,0.053425
Birds_Journey,راه,طلب,37,8030,0.004608
Birds_Journey,راه,تن,158,8030,0.019676
Birds_Journey,راه,درد,100,8030,0.012453
Birds_Journey,راه,مرغ,47,8030,0.005853
Birds_Journey,راه,محو,25,8030,0.003113
Birds_Journey,سیمرغ,جان,106,8030,0.0132
Birds_Journey,سیمرغ,خویش,44,8030,0.005479
Birds_Journey,سیمرغ,عشق,87,8030,0.010834
Birds_Journey,سیمرغ,دل,90,8030,0.011208
Birds_Journey,سیمرغ,مرغ,38,8030,0.004732
Birds_Journey,جان,خویش,287,8030,0.035741
Birds_Journey,جان,عشق,317,8030,0.039477
Birds_Journey,جان,دل,396,8030,0.049315
Birds_Journey,جان,تن,143,8030,0.017808
Birds_Journey,جان,عقل,50,8030,0.006227
Birds_Journey,جان,خاک,151,8030,0.018804
Birds_Journey,جان,پاک,138,8030,0.017186
Birds_Journey,جان,نفس,173,8030,0.021544
Birds_Journey,جان,طلب,38,8030,0.004732
Birds_Journey,جان,درد,80,8030,0.009963
Birds_Journey,جان,محو,40,8030,0.004981
Birds_Journey,جان,مرغ,61,8030,0.007597
Birds_Journey,خویش,عشق,223,8030,0.027771
Birds_Journey,خویش,تن,74,8030,0.009215
Birds_Journey,خویش,محو,39,8030,0.004857
Birds_Journey,خویش,عقل,32,8030,0.003985
Birds_Journey,خویش,خاک,103,8030,0.012827
Birds_Journey,خویش,پاک,38,8030,0.004732
Birds_Journey,خویش,دل,227,8030,0.028269
Birds_Journey,خویش,درد,36,8030,0.004483
Birds_Journey,خویش,نفس,106,8030,0.0132
Birds_Journey,خویش,مرغ,36,8030,0.004483
Birds_Journey,عشق,دل,343,8030,0.042715
Birds_Journey,عشق,تن,57,8030,0.007098
Birds_Journey,عشق,محو,34,8030,0.004234
Birds_Journey,عشق,عقل,54,8030,0.006725
Birds_Journey,عشق,خاک,66,8030,0.008219
Birds_Journey,عشق,درد,133,8030,0.016563
Birds_Journey,عشق,پاک,41,8030,0.005106
Birds_Journey,عشق,طلب,18,8030,0.002242
Birds_Journey,عشق,نفس,68,8030,0.008468
Birds_Journey,دل,تن,85,8030,0.010585
Birds_Journey,دل,نفس,184,8030,0.022914
Birds_Journey,دل,پاک,66,8030,0.008219
Birds_Journey,دل,طلب,24,8030,0.002989
Birds_Journey,دل,درد,115,8030,0.014321
Birds_Journey,دل,مرغ,35,8030,0.004359
Birds_Journey,دل,عقل,22,8030,0.00274
Birds_Journey,دل,خاک,114,8030,0.014197
Birds_Journey,دل,محو,18,8030,0.002242
Birds_Journey,تن,پاک,15,8030,0.001868
Birds_Journey,تن,درد,19,8030,0.002366
Birds_Journey,تن,خاک,29,8030,0.003611
Birds_Journey,تن,نفس,43,8030,0.005355
Birds_Journey,عقل,خاک,17,8030,0.002117
Birds_Journey,عقل,نفس,21,8030,0.002615
Birds_Journey,خاک,پاک,65,8030,0.008095
Birds_Journey,خاک,درد,27,8030,0.003362
Birds_Journey,خاک,نفس,47,8030,0.005853
Birds_Journey,پاک,نفس,33,8030,0.00411
Birds_Journey,پاک,مرغ,15,8030,0.001868
Birds_Journey,پاک,درد,33,8030,0.00411
Birds_Journey,نفس,درد,30,8030,0.003736
Birds_Journey,نفس,مرغ,19,8030,0.002366
Birds_Journey,نفس,طلب,16,8030,0.001993
Birds_Journey,طلب,درد,16,8030,0.001993
Seven_Valleys,دل,طلب,16,3098,0.005165
Seven_Valleys,دل,نفس,24,3098,0.007747
Seven_Valleys,دل,پاک,30,3098,0.009684
Seven_Valleys,دل,راه,116,3098,0.037444
Seven_Valleys,دل,خویش,73,3098,0.023564
Seven_Valleys,دل,درد,73,3098,0.023564
Seven_Valleys,دل,جان,151,3098,0.048741
Seven_Valleys,دل,عشق,141,3098,0.045513
Seven_Valleys,دل,عقل,41,3098,0.013234
Seven_Valleys,دل,تن,21,3098,0.006779
Seven_Valleys,دل,خاک,31,3098,0.010006
Seven_Valleys,دل,فنا,18,3098,0.00581
Seven_Valleys,طلب,پاک,21,3098,0.006779
Seven_Valleys,طلب,راه,84,3098,0.027114
Seven_Valleys,طلب,خویش,24,3098,0.007747
Seven_Valleys,طلب,جان,53,3098,0.017108
Seven_Valleys,طلب,خاک,18,3098,0.00581
Seven_Valleys,طلب,عشق,22,3098,0.007101
Seven_Valleys,پاک,راه,59,3098,0.019045
Seven_Valleys,پاک,جان,47,3098,0.015171
Seven_Valleys,پاک,تن,32,3098,0.010329
Seven_Valleys,پاک,خاک,40,3098,0.012912
Seven_Valleys,پاک,عقل,15,3098,0.004842
Seven_Valleys,نفس,جان,25,3098,0.00807
Seven_Valleys,نفس,تن,24,3098,0.007747
Seven_Valleys,نفس,راه,45,3098,0.014526
Seven_Valleys,نفس,درد,35,3098,0.011298
Seven_Valleys,نفس,عشق,30,3098,0.009684
Seven_Valleys,نفس,خویش,24,3098,0.007747
Seven_Valleys,نفس,عقل,18,3098,0.00581
Seven_Valleys,راه,خویش,85,3098,0.027437
Seven_Valleys,راه,تن,70,3098,0.022595
Seven_Valleys,راه,خاک,137,3098,0.044222
Seven_Valleys,راه,جان,222,3098,0.071659
Seven_Valleys,راه,درد,81,3098,0.026146
Seven_Valleys,راه,عشق,84,3098,0.027114
Seven_Valleys,راه,محو,25,3098,0.00807
Seven_Valleys,راه,عقل,40,3098,0.012912
Seven_Valleys,خویش,جان,128,3098,0.041317
Seven_Valleys,خویش,خاک,43,3098,0.01388
Seven_Valleys,خویش,عشق,28,3098,0.009038
Seven_Valleys,خویش,عقل,26,3098,0.008393
Seven_Valleys,خویش,محو,17,3098,0.005487
Seven_Valleys,خویش,درد,18,3098,0.00581
Seven_Valleys,خویش,فنا,21,3098,0.006779
Seven_Valleys,جان,تن,84,3098,0.027114
Seven_Valleys,جان,خاک,88,3098,0.028405
Seven_Valleys,جان,درد,31,3098,0.010006
Seven_Valleys,جان,عشق,154,3098,0.049709
Seven_Valleys,جان,عقل,59,3098,0.019045
Seven_Valleys,تن,خاک,40,3098,0.012912
Seven_Valleys,خاک,درد,27,3098,0.008715
Seven_Valleys,خاک,عشق,19,3098,0.006133
Seven_Valleys,خاک,محو,18,3098,0.00581
Seven_Valleys,درد,عشق,71,3098,0.022918
Seven_Valleys,عشق,عقل,86,3098,0.02776
Seven_Valleys,عشق,محو,15,3098,0.004842
Seven_Valleys,عقل,محو,30,3098,0.009684
Simurgh_Encounter,جان,راه,61,1097,0.055606
Simurgh_Encounter,جان,مرغ,30,1097,0.027347
Simurgh_Encounter,جان,محو,19,1097,0.01732
Simurgh_Encounter,جان,خویش,33,1097,0.030082
Simurgh_Encounter,جان,تن,45,1097,0.041021
Simurgh_Encounter,جان,دل,44,1097,0.040109
Simurgh_Encounter,جان,سیمرغ,22,1097,0.020055
Simurgh_Encounter,جان,پاک,38,1097,0.03464
Simurgh_Encounter,جان,عشق,17,1097,0.015497
Simurgh_Encounter,جان,درد,33,1097,0.030082
Simurgh_Encounter,جان,نفس,25,1097,0.022789
Simurgh_Encounter,جان,خاک,50,1097,0.045579
Simurgh_Encounter,راه,مرغ,23,1097,0.020966
Simurgh_Encounter,راه,محو,38,1097,0.03464
Simurgh_Encounter,راه,خویش,35,1097,0.031905
Simurgh_Encounter,راه,تن,28,1097,0.025524
Simurgh_Encounter,راه,دل,25,1097,0.022789
Simurgh_Encounter,راه,درد,15,1097,0.013674
Simurgh_Encounter,راه,بقا,21,1097,0.019143
Simurgh_Encounter,راه,فنا,15,1097,0.013674
Simurgh_Encounter,راه,خاک,24,1097,0.021878
Simurgh_Encounter,مرغ,محو,17,1097,0.015497
Simurgh_Encounter,مرغ,خویش,32,1097,0.02917
Simurgh_Encounter,مرغ,تن,25,1097,0.022789
Simurgh_Encounter,مرغ,سیمرغ,46,1097,0.041933
Simurgh_Encounter,محو,خویش,31,1097,0.028259
Simurgh_Encounter,خویش,عشق,17,1097,0.015497
Simurgh_Encounter,خویش,درد,32,1097,0.02917
Simurgh_Encounter,خویش,نفس,20,1097,0.018232
Simurgh_Encounter,خویش,دل,21,1097,0.019143
Simurgh_Encounter,خویش,سیمرغ,36,1097,0.032817
Simurgh_Encounter,خویش,خاک,27,1097,0.024613
Simurgh_Encounter,تن,دل,17,1097,0.015497
Simurgh_Encounter,دل,درد,15,1097,0.013674
Simurgh_Encounter,دل,خاک,21,1097,0.019143
Simurgh_Encounter,عشق,درد,15,1097,0.013674
Simurgh_Encounter,درد,نفس,23,1097,0.020966
Simurgh_Encounter,درد,خاک,30,1097,0.027347
Simurgh_Encounter,بقا,فنا,31,1097,0.028259
Final_State,جان,درد,72,657,0.109589
Final_State,جان,دل,44,657,0.066971
Final_State,جان,راه,63,657,0.09589
Final_State,جان,جسم,19,657,0.028919
Final_State,درد,دل,50,657,0.076104
Final_State,درد,راه,63,657,0.09589
Final_State,درد,خاک,20,657,0.030441
Final_State,درد,پاک,15,657,0.022831
Final_State,درد,جسم,20,657,0.030441
Final_State,دل,راه,60,657,0.091324
Final_State,دل,نفس,15,657,0.022831
Final_State,دل,تن,22,657,0.033486
Final_State,دل,خویش,16,657,0.024353
Final_State,دل,خاک,18,657,0.027397
Final_State,دل,پاک,19,657,0.028919
Final_State,راه,خاک,47,657,0.071537
Final_State,راه,پاک,39,657,0.059361
Final_State,خاک,پاک,55,657,0.083714
